src,alt
https://proxyway.com/wp-content/uploads/2023/04/proxyway.svg?ver=1681290142,Proxyway
https://proxyway.com/wp-content/uploads/2023/04/Newsfeed-image-min.png,Adam sitting in a chair reading a newspaper
https://secure.gravatar.com/avatar/40de7ce27e119cfc9a04eef5e77cc6c2?s=96&r=g,Adam Dubois
https://proxyway.com/wp-content/uploads/2020/07/oxylabs-logo-png.png?ver=1704718753,Oxylabs logo
https://secure.gravatar.com/avatar/40de7ce27e119cfc9a04eef5e77cc6c2?s=96&r=g,Adam Dubois
https://proxyway.com/wp-content/uploads/2022/05/bright-data-logo.png?ver=1704718964,Bright Data logo
https://secure.gravatar.com/avatar/40de7ce27e119cfc9a04eef5e77cc6c2?s=96&r=g,Adam Dubois
https://proxyway.com/wp-content/uploads/2022/07/rayobyte-logo.png?ver=1704718347,rayobyte logo
https://secure.gravatar.com/avatar/40de7ce27e119cfc9a04eef5e77cc6c2?s=96&r=g,Adam Dubois
https://proxyway.com/wp-content/uploads/2022/05/bright-data-logo.png?ver=1704718964,Bright Data logo
https://secure.gravatar.com/avatar/40de7ce27e119cfc9a04eef5e77cc6c2?s=96&r=g,Adam Dubois
https://proxyway.com/wp-content/uploads/2020/08/infatica-logo.png?ver=1704718655,infatica logo
https://secure.gravatar.com/avatar/40de7ce27e119cfc9a04eef5e77cc6c2?s=96&r=g,Adam Dubois
https://proxyway.com/wp-content/uploads/2022/07/rayobyte-logo.png?ver=1704718347,rayobyte logo
https://secure.gravatar.com/avatar/40de7ce27e119cfc9a04eef5e77cc6c2?s=96&r=g,Adam Dubois
https://proxyway.com/wp-content/uploads/2022/05/bright-data-logo.png?ver=1704718964,Bright Data logo
https://secure.gravatar.com/avatar/40de7ce27e119cfc9a04eef5e77cc6c2?s=96&r=g,Adam Dubois
https://proxyway.com/wp-content/uploads/2020/07/oxylabs-logo-png.png?ver=1704718753,Oxylabs logo
https://secure.gravatar.com/avatar/40de7ce27e119cfc9a04eef5e77cc6c2?s=96&r=g,Adam Dubois
https://proxyway.com/wp-content/uploads/2022/05/bright-data-logo.png?ver=1704718964,Bright Data logo
https://secure.gravatar.com/avatar/40de7ce27e119cfc9a04eef5e77cc6c2?s=96&r=g,Adam Dubois
https://proxyway.com/wp-content/uploads/2022/03/zyte-logo.png?ver=1704718975,Zyte logo
https://secure.gravatar.com/avatar/40de7ce27e119cfc9a04eef5e77cc6c2?s=96&r=g,Adam Dubois
https://proxyway.com/wp-content/uploads/2019/09/Smartproxy-Logo.png?ver=1704719397,smartproxy-logo
https://secure.gravatar.com/avatar/40de7ce27e119cfc9a04eef5e77cc6c2?s=96&r=g,Adam Dubois
https://proxyway.com/wp-content/uploads/2022/05/bright-data-logo.png?ver=1704718964,Bright Data logo
https://proxyway.com/wp-content/uploads/2023/04/proxyway.svg?ver=1681290142,Proxyway
